ID,DueDate,InvoiceNo,InvoiceDate,CompanyName,TotalDue
5hskiwn8kt8kc00226s4be,29-05-2024,11577,30-06-2019,Sit Amet Corp.,17310.00
wi4vrp58ahhzmqls4dy828,17-05-2024,13759,19-06-2019,Sit Amet Corp.,879.60
qjh3kkwv0hj6gblokd7jms,04-03-2024,284210,01-06-2019,Aenean LLC,3000.00
28tkokbfzws29e238s5tlv,06-06-2024,11448,26-06-2019,Sit Amet Corp.,7288.80
sdvqixizt7ro59fhrt4gek,01-04-2024,284232,15-06-2019,Aenean LLC,1009.80
udzuga5z74szp85uiwggn,17-03-2024,284212,02-06-2019,Aenean LLC,4139.60
4bkre1d3ufow0klrjwfda,26-02-2024,284228,28-06-2019,Aenean LLC,1800.00
z24ucgdpc8cjpscn3ixnv9,26-04-2024,16996,20-06-2019,Sit Amet Corp.,2100.00
iso9wiweg2he8zv09068kv,21-03-2024,284221,20-06-2019,Aenean LLC,6300.00
5wy2k7z23rzgv3308gr19,05-04-2024,284213,03-06-2019,Aenean LLC,9778.40
9dlhpma1vbk2ha624076dt,01-06-2024,16892,01-06-2019,Sit Amet Corp.,21442.80
fvbc2723bxj8zzdo1lkd8q,14-05-2024,18752,01-07-2019,Sit Amet Corp.,1204.80
